Workbook

Sheet 🏆 Results
B2: 🏆 SUPPLIER RANKING — FULL RESULTS TABLE | Live from Model Sheet
B3: ='⚖️ Model'!E30 -> TCPL Packaging wins with a weighted score of 8.10 / 10.00
B4: RANK | C4: SUPPLIER | D4: WEIGHTED SCORE | E4: SCORE % | F4: RATING | G4: GAP TO BEST | H4: RECOMMENDATION
B5: ='⚖️ Model'!E29 -> 3 | C5: Parle Agro (Maharashtra) | D5: ='⚖️ Model'!E28 -> 7.82 | E5: ='⚖️ Model'!E28/10 -> 0.782 | F5: =IF('⚖️ Model'!E28>=8,"⭐⭐⭐ Excellent",IF('⚖️ Model'!E28>=6.5,"⭐⭐ Good",IF('⚖️ Model'!E28>=5,"⭐ Average","❌ Below Par"))) -> ⭐⭐ Good | G5: ='⚖️ Model'!E28-MAX('⚖️ Model'!E28:I28) -> -0.28 | H5: =IF('⚖️ Model'!E29=1,"✅ AWARD CONTRACT — Best overall score",IF('⚖️ Model'!E29=2,"🔄 First Reserve — Consider for split order",IF('⚖️ Model'!E29=3,"💬 Negotiate — Good trade-off on price & quality",IF('⚖️ Model'!E29=4,"⚠️ Conditional — Needs improvement in weak areas","❌ Not Recommended")))) -> 💬 Negotiate — Good trade-off on price & quality
B6: ='⚖️ Model'!F29 -> 1 | C6: TCPL Packaging (Gujarat) | D6: ='⚖️ Model'!F28 -> 8.1 | E6: ='⚖️ Model'!F28/10 -> 0.81 | F6: =IF('⚖️ Model'!F28>=8,"⭐⭐⭐ Excellent",IF('⚖️ Model'!F28>=6.5,"⭐⭐ Good",IF('⚖️ Model'!F28>=5,"⭐ Average","❌ Below Par"))) -> ⭐⭐⭐ Excellent | G6: ='⚖️ Model'!F28-MAX('⚖️ Model'!E28:I28) -> 0 | H6: =IF('⚖️ Model'!F29=1,"✅ AWARD CONTRACT — Best overall score",IF('⚖️ Model'!F29=2,"🔄 First Reserve — Consider for split order",IF('⚖️ Model'!F29=3,"💬 Negotiate — Good trade-off on price & quality",IF('⚖️ Model'!F29=4,"⚠️ Conditional — Needs improvement in weak areas","❌ Not Recommended")))) -> ✅ AWARD CONTRACT — Best overall score
B7: ='⚖️ Model'!G29 -> 1 | C7: Huhtamaki India (Tamil Nadu) | D7: ='⚖️ Model'!G28 -> 8.1 | E7: ='⚖️ Model'!G28/10 -> 0.81 | F7: =IF('⚖️ Model'!G28>=8,"⭐⭐⭐ Excellent",IF('⚖️ Model'!G28>=6.5,"⭐⭐ Good",IF('⚖️ Model'!G28>=5,"⭐ Average","❌ Below Par"))) -> ⭐⭐⭐ Excellent | G7: ='⚖️ Model'!G28-MAX('⚖️ Model'!E28:I28) -> 0 | H7: =IF('⚖️ Model'!G29=1,"✅ AWARD CONTRACT — Best overall score",IF('⚖️ Model'!G29=2,"🔄 First Reserve — Consider for split order",IF('⚖️ Model'!G29=3,"💬 Negotiate — Good trade-off on price & quality",IF('⚖️ Model'!G29=4,"⚠️ Conditional — Needs improvement in weak areas","❌ Not Recommended")))) -> ✅ AWARD CONTRACT — Best overall score
B8: ='⚖️ Model'!H29 -> 5 | C8: Uflex Ltd (UP) | D8: ='⚖️ Model'!H28 -> 7.46 | E8: ='⚖️ Model'!H28/10 -> 0.746 | F8: =IF('⚖️ Model'!H28>=8,"⭐⭐⭐ Excellent",IF('⚖️ Model'!H28>=6.5,"⭐⭐ Good",IF('⚖️ Model'!H28>=5,"⭐ Average","❌ Below Par"))) -> ⭐⭐ Good | G8: ='⚖️ Model'!H28-MAX('⚖️ Model'!E28:I28) -> -0.64 | H8: =IF('⚖️ Model'!H29=1,"✅ AWARD CONTRACT — Best overall score",IF('⚖️ Model'!H29=2,"🔄 First Reserve — Consider for split order",IF('⚖️ Model'!H29=3,"💬 Negotiate — Good trade-off on price & quality",IF('⚖️ Model'!H29=4,"⚠️ Conditional — Needs improvement in weak areas","❌ Not Recommended")))) -> ❌ Not Recommended
B9: ='⚖️ Model'!I29 -> 4 | C9: Manjushree (Karnataka) | D9: ='⚖️ Model'!I28 -> 7.8 | E9: ='⚖️ Model'!I28/10 -> 0.78 | F9: =IF('⚖️ Model'!I28>=8,"⭐⭐⭐ Excellent",IF('⚖️ Model'!I28>=6.5,"⭐⭐ Good",IF('⚖️ Model'!I28>=5,"⭐ Average","❌ Below Par"))) -> ⭐⭐ Good | G9: ='⚖️ Model'!I28-MAX('⚖️ Model'!E28:I28) -> -0.3 | H9: =IF('⚖️ Model'!I29=1,"✅ AWARD CONTRACT — Best overall score",IF('⚖️ Model'!I29=2,"🔄 First Reserve — Consider for split order",IF('⚖️ Model'!I29=3,"💬 Negotiate — Good trade-off on price & quality",IF('⚖️ Model'!I29=4,"⚠️ Conditional — Needs improvement in weak areas","❌ Not Recommended")))) -> ⚠️ Conditional — Needs improvement in weak areas
B12: 📊 RAW SCORE BREAKDOWN BY CRITERION (Colours: 🔴 Low → 🟡 Mid → 🟢 High)
B13: CRITERION | C13: WEIGHT | D13: Parle Agro | E13: TCPL Pkg | F13: Huhtamaki | G13: Uflex | H13: Manjushree
B14: ='⚖️ Model'!B7 -> Product Quality & BIS Certification | C14: ='⚖️ Model'!C7/100 -> 0.22 | D14: ='⚖️ Model'!E7 -> 8 | E14: ='⚖️ Model'!F7 -> 9 | F14: ='⚖️ Model'!G7 -> 9 | G14: ='⚖️ Model'!H7 -> 7 | H14: ='⚖️ Model'!I7 -> 8
B15: ='⚖️ Model'!B8 -> Unit Price Competitiveness | C15: ='⚖️ Model'!C8/100 -> 0.2 | D15: ='⚖️ Model'!E8 -> 9 | E15: ='⚖️ Model'!F8 -> 7 | F15: ='⚖️ Model'!G8 -> 5 | G15: ='⚖️ Model'!H8 -> 8 | H15: ='⚖️ Model'!I8 -> 8
B16: ='⚖️ Model'!B9 -> On-Time Delivery Reliability | C16: ='⚖️ Model'!C9/100 -> 0.18 | D16: ='⚖️ Model'!E9 -> 7 | E16: ='⚖️ Model'!F9 -> 8 | F16: ='⚖️ Model'!G9 -> 9 | G16: ='⚖️ Model'!H9 -> 7 | H16: ='⚖️ Model'!I9 -> 8
B17: ='⚖️ Model'!B10 -> Financial Stability (CRISIL/ICRA) | C17: ='⚖️ Model'!C10/100 -> 0.12 | D17: ='⚖️ Model'!E10 -> 8 | E17: ='⚖️ Model'!F10 -> 9 | F17: ='⚖️ Model'!G10 -> 9 | G17: ='⚖️ Model'!H10 -> 7 | H17: ='⚖️ Model'!I10 -> 7
B18: ='⚖️ Model'!B11 -> Production Capacity | C18: ='⚖️ Model'!C11/100 -> 0.1 | D18: ='⚖️ Model'!E11 -> 7 | E18: ='⚖️ Model'!F11 -> 8 | F18: ='⚖️ Model'!G11 -> 9 | G18: ='⚖️ Model'!H11 -> 9 | H18: ='⚖️ Model'!I11 -> 7
B19: ='⚖️ Model'!B12 -> ESG & BRSR Compliance | C19: ='⚖️ Model'!C12/100 -> 0.08 | D19: ='⚖️ Model'!E12 -> 6 | E19: ='⚖️ Model'!F12 -> 8 | F19: ='⚖️ Model'!G12 -> 9 | G19: ='⚖️ Model'!H12 -> 7 | H19: ='⚖️ Model'!I12 -> 7
B20: ='⚖️ Model'!B13 -> GST & MSME Compliance | C20: ='⚖️ Model'!C13/100 -> 0.06 | D20: ='⚖️ Model'!E13 -> 9 | E20: ='⚖️ Model'!F13 -> 8 | F20: ='⚖️ Model'!G13 -> 8 | G20: ='⚖️ Model'!H13 -> 8 | H20: ='⚖️ Model'!I13 -> 9
B21: ='⚖️ Model'!B14 -> After-Sales & Lead Time | C21: ='⚖️ Model'!C14/100 -> 0.04 | D21: ='⚖️ Model'!E14 -> 8 | E21: ='⚖️ Model'!F14 -> 7 | F21: ='⚖️ Model'!G14 -> 8 | G21: ='⚖️ Model'!H14 -> 7 | H21: ='⚖️ Model'!I14 -> 9

Sheet ⚖️ Model
B2: ⚖️ SUPPLIER SELECTION — DECISION FACTOR MODEL | Reliance Retail FMCG | India
B3: =IF(SUM(C7:C14)=100,"✅ Weights sum to 100% — Model is VALID | Change any BLUE cell and everything recalculates automatically","⚠️ WARNING: Weights = "&SUM(C7:C14)&"% — Must equal 100%") -> ✅ Weights sum to 100% — Model is VALID | Change any BLUE cell and everything recalculates automatically
B4: DECISION CRITERIA | C4: WEIGHT (%) | E4: SCORE (1–10) Parle Agro (Maharashtra) | F4: SCORE (1–10) TCPL Packaging (Gujarat) | G4: SCORE (1–10) Huhtamaki India (Tamil Nadu) | H4: SCORE (1–10) Uflex Ltd (UP) | I4: SCORE (1–10) Manjushree (Karnataka)
B7: Product Quality & BIS Certification | C7: 22 | E7: 8 | F7: 9 | G7: 9 | H7: 7 | I7: 8
B8: Unit Price Competitiveness | C8: 20 | E8: 9 | F8: 7 | G8: 5 | H8: 8 | I8: 8
B9: On-Time Delivery Reliability | C9: 18 | E9: 7 | F9: 8 | G9: 9 | H9: 7 | I9: 8
B10: Financial Stability (CRISIL/ICRA) | C10: 12 | E10: 8 | F10: 9 | G10: 9 | H10: 7 | I10: 7
B11: Production Capacity | C11: 10 | E11: 7 | F11: 8 | G11: 9 | H11: 9 | I11: 7
B12: ESG & BRSR Compliance | C12: 8 | E12: 6 | F12: 8 | G12: 9 | H12: 7 | I12: 7
B13: GST & MSME Compliance | C13: 6 | E13: 9 | F13: 8 | G13: 8 | H13: 8 | I13: 9
B14: After-Sales & Lead Time | C14: 4 | E14: 8 | F14: 7 | G14: 8 | H14: 7 | I14: 9
B15: TOTAL WEIGHT → | C15: =SUM(C7:C14) -> 100
B17: 📊 WEIGHTED SCORE BREAKDOWN (Automated — Do NOT edit below this line)
B18: CRITERION | C18: WEIGHT | E18: Weighted Score Parle Agro | F18: Weighted Score TCPL Pkg | G18: Weighted Score Huhtamaki | H18: Weighted Score Uflex | I18: Weighted Score Manjushree
B19: =B7 -> Product Quality & BIS Certification | C19: =C7/100 -> 0.22 | E19: =(C7/100)*E7 -> 1.76 | F19: =(C7/100)*F7 -> 1.98 | G19: =(C7/100)*G7 -> 1.98 | H19: =(C7/100)*H7 -> 1.54 | I19: =(C7/100)*I7 -> 1.76
B20: =B8 -> Unit Price Competitiveness | C20: =C8/100 -> 0.2 | E20: =(C8/100)*E8 -> 1.8 | F20: =(C8/100)*F8 -> 1.4 | G20: =(C8/100)*G8 -> 1 | H20: =(C8/100)*H8 -> 1.6 | I20: =(C8/100)*I8 -> 1.6
B21: =B9 -> On-Time Delivery Reliability | C21: =C9/100 -> 0.18 | E21: =(C9/100)*E9 -> 1.26 | F21: =(C9/100)*F9 -> 1.44 | G21: =(C9/100)*G9 -> 1.62 | H21: =(C9/100)*H9 -> 1.26 | I21: =(C9/100)*I9 -> 1.44
B22: =B10 -> Financial Stability (CRISIL/ICRA) | C22: =C10/100 -> 0.12 | E22: =(C10/100)*E10 -> 0.96 | F22: =(C10/100)*F10 -> 1.08 | G22: =(C10/100)*G10 -> 1.08 | H22: =(C10/100)*H10 -> 0.84 | I22: =(C10/100)*I10 -> 0.84
B23: =B11 -> Production Capacity | C23: =C11/100 -> 0.1 | E23: =(C11/100)*E11 -> 0.7 | F23: =(C11/100)*F11 -> 0.8 | G23: =(C11/100)*G11 -> 0.9 | H23: =(C11/100)*H11 -> 0.9 | I23: =(C11/100)*I11 -> 0.7
B24: =B12 -> ESG & BRSR Compliance | C24: =C12/100 -> 0.08 | E24: =(C12/100)*E12 -> 0.48 | F24: =(C12/100)*F12 -> 0.64 | G24: =(C12/100)*G12 -> 0.72 | H24: =(C12/100)*H12 -> 0.56 | I24: =(C12/100)*I12 -> 0.56
B25: =B13 -> GST & MSME Compliance | C25: =C13/100 -> 0.06 | E25: =(C13/100)*E13 -> 0.54 | F25: =(C13/100)*F13 -> 0.48 | G25: =(C13/100)*G13 -> 0.48 | H25: =(C13/100)*H13 -> 0.48 | I25: =(C13/100)*I13 -> 0.54
B26: =B14 -> After-Sales & Lead Time | C26: =C14/100 -> 0.04 | E26: =(C14/100)*E14 -> 0.32 | F26: =(C14/100)*F14 -> 0.28 | G26: =(C14/100)*G14 -> 0.32 | H26: =(C14/100)*H14 -> 0.28 | I26: =(C14/100)*I14 -> 0.36
B28: 🏆 TOTAL WEIGHTED SCORE (out of 10.00) | E28: =SUM(E19:E26) -> 7.82 | F28: =SUM(F19:F26) -> 8.1 | G28: =SUM(G19:G26) -> 8.1 | H28: =SUM(H19:H26) -> 7.46 | I28: =SUM(I19:I26) -> 7.8
B29: 🥇 RANK (1 = Best Supplier) | E29: =RANK(E28,$E$28:$I$28,0) -> 3 | F29: =RANK(F28,$E$28:$I$28,0) -> 1 | G29: =RANK(G28,$E$28:$I$28,0) -> 1 | H29: =RANK(H28,$E$28:$I$28,0) -> 5 | I29: =RANK(I28,$E$28:$I$28,0) -> 4
B30: 🎯 WINNER | E30: =INDEX({"Parle Agro","TCPL Packaging","Huhtamaki India","Uflex Ltd","Manjushree Technopack"},MATCH(MAX(E28:I28),E28:I28,0))&" wins with a weighted score of "&TEXT(MAX(E28:I28),"0.00")&" / 10.00" -> TCPL Packaging wins with a weighted score of 8.10 / 10.00
B32: COLOUR GUIDE: 🔵 Blue = INPUT (edit these) ⬜ Gray = FORMULA (do not edit) 🟢 Green = Best 🔴 Red = Weakest
B33: SOURCES: BIS (bis.gov.in) | ISM Framework (ism.ws) | SEBI BRSR (sebi.gov.in) | CRISIL (crisil.com) | GST Portal (gst.gov.in) | RIL Annual Report 2024

Sheet 📊 Dashboard
B2: 📊 SUPPLIER DECISION DASHBOARD | Reliance Retail FMCG | India 2024
B3: ='⚖️ Model'!E30 -> TCPL Packaging wins with a weighted score of 8.10 / 10.00
B5: ='⚖️ Model'!E29&" | Parle Agro "&TEXT('⚖️ Model'!E28,"0.00")&" / 10" -> 3 | Parle Agro 7.82 / 10 | D5: ='⚖️ Model'!F29&" | TCPL Pkg "&TEXT('⚖️ Model'!F28,"0.00")&" / 10" -> 1 | TCPL Pkg 8.10 / 10 | F5: ='⚖️ Model'!G29&" | Huhtamaki "&TEXT('⚖️ Model'!G28,"0.00")&" / 10" -> 1 | Huhtamaki 8.10 / 10 | I5: ='⚖️ Model'!H29&" | Uflex "&TEXT('⚖️ Model'!H28,"0.00")&" / 10" -> 5 | Uflex 7.46 / 10 | L5: ='⚖️ Model'!I29&" | Manjushree "&TEXT('⚖️ Model'!I28,"0.00")&" / 10" -> 4 | Manjushree 7.80 / 10
B7: 📊 Total Weighted Score by Supplier
B8: Supplier | C8: Score | E8: Criterion | F8: Weight % | H8: Criterion | I8: Parle | J8: TCPL | K8: Huhtamaki | L8: Uflex | M8: Manjushree
B9: Parle Agro | C9: ='⚖️ Model'!E28 -> 7.82 | E9: Product Quality & BIS Certification | F9: ='⚖️ Model'!C7/100 -> 0.22 | H9: Quality | I9: ='⚖️ Model'!E7 -> 8 | J9: ='⚖️ Model'!F7 -> 9 | K9: ='⚖️ Model'!G7 -> 9 | L9: ='⚖️ Model'!H7 -> 7 | M9: ='⚖️ Model'!I7 -> 8
B10: TCPL Pkg | C10: ='⚖️ Model'!F28 -> 8.1 | E10: Unit Price Competitiveness | F10: ='⚖️ Model'!C8/100 -> 0.2 | H10: Price | I10: ='⚖️ Model'!E8 -> 9 | J10: ='⚖️ Model'!F8 -> 7 | K10: ='⚖️ Model'!G8 -> 5 | L10: ='⚖️ Model'!H8 -> 8 | M10: ='⚖️ Model'!I8 -> 8
B11: Huhtamaki | C11: ='⚖️ Model'!G28 -> 8.1 | E11: On-Time Delivery Reliability | F11: ='⚖️ Model'!C9/100 -> 0.18 | H11: Delivery | I11: ='⚖️ Model'!E9 -> 7 | J11: ='⚖️ Model'!F9 -> 8 | K11: ='⚖️ Model'!G9 -> 9 | L11: ='⚖️ Model'!H9 -> 7 | M11: ='⚖️ Model'!I9 -> 8
B12: Uflex | C12: ='⚖️ Model'!H28 -> 7.46 | E12: Financial Stability (CRISIL/ICRA) | F12: ='⚖️ Model'!C10/100 -> 0.12 | H12: Finance | I12: ='⚖️ Model'!E10 -> 8 | J12: ='⚖️ Model'!F10 -> 9 | K12: ='⚖️ Model'!G10 -> 9 | L12: ='⚖️ Model'!H10 -> 7 | M12: ='⚖️ Model'!I10 -> 7
B13: Manjushree | C13: ='⚖️ Model'!I28 -> 7.8 | E13: Production Capacity | F13: ='⚖️ Model'!C11/100 -> 0.1 | H13: Capacity | I13: ='⚖️ Model'!E11 -> 7 | J13: ='⚖️ Model'!F11 -> 8 | K13: ='⚖️ Model'!G11 -> 9 | L13: ='⚖️ Model'!H11 -> 9 | M13: ='⚖️ Model'!I11 -> 7
B14: 📊 Total Score | E14: ESG & BRSR Compliance | F14: ='⚖️ Model'!C12/100 -> 0.08 | H14: ⚖️ Criteria Weight Distribution
E15: GST & MSME Compliance | F15: ='⚖️ Model'!C13/100 -> 0.06 | H15: GST | I15: ='⚖️ Model'!E13 -> 9 | J15: ='⚖️ Model'!F13 -> 8 | K15: ='⚖️ Model'!G13 -> 8 | L15: ='⚖️ Model'!H13 -> 8 | M15: ='⚖️ Model'!I13 -> 9
E16: After-Sales & Lead Time | F16: ='⚖️ Model'!C14/100 -> 0.04 | H16: Support | I16: ='⚖️ Model'!E14 -> 8 | J16: ='⚖️ Model'!F14 -> 7 | K16: ='⚖️ Model'!G14 -> 8 | L16: ='⚖️ Model'!H14 -> 7 | M16: ='⚖️ Model'!I14 -> 9
B30: 📈 Score Comparison Across All Criteria (Change scores in Model sheet → chart updates)
